year,university,school,degree,employment_rate_overall,employment_rate_ft_perm,basic_monthly_mean,basic_monthly_median,gross_monthly_mean,gross_monthly_median,gross_mthly_25_percentile,gross_mthly_75_percentile,predicted_2026_gross_median,predicted_2026_employment_rate,cluster,outcome_profile
2025,Nanyang Technological University,College of Business (CoB) / Nanyang Business School,Accountancy,92.3,88.5,4530.0,4350.0,4578.0,4350.0,4300.0,4550.0,4100.91,85.3,2,"Moderate salary, higher employment profile"
2025,Nanyang Technological University,College of Business (CoB) / Nanyang Business School,Accountancy and Business,93.3,89.3,5233.0,4550.0,5385.0,4680.0,4350.0,6000.0,5109.94,92.48,1,"Higher salary, higher employment profile"
2025,Nanyang Technological University,College of Business (CoB) / Nanyang Business School,Accountancy and Data Science & Artificial Intelligence,,,,,,,,,4100.91,85.3,2,"Moderate salary, higher employment profile"
2025,Nanyang Technological University,College of Business (CoB) / Nanyang Business School,Business,85.6,71.8,4766.0,4354.0,4946.0,4500.0,4000.0,5300.0,4609.83,80.49,2,"Moderate salary, higher employment profile"
2025,Nanyang Technological University,College of Computing and Data Science (CCDS),Computer Engineering,83.1,75.4,5182.0,5000.0,5348.0,5150.0,4900.0,5850.0,4475.92,88.96,2,"Moderate salary, higher employment profile"
2025,Nanyang Technological University,College of Computing and Data Science (CCDS),Computer Science,85.1,79.7,5675.0,5400.0,5852.0,5500.0,4900.0,6565.0,4514.05,91.55,2,"Moderate salary, higher employment profile"
2025,Nanyang Technological University,College of Computing and Data Science (CCDS),Data Science and Artificial Intelligence,81.0,75.9,5313.0,5250.0,5408.0,5250.0,4850.0,6130.0,4100.91,85.3,2,"Moderate salary, higher employment profile"
2025,Nanyang Technological University,College of Computing and Data Science + College of Business (CCDS + CoB),Double Degree in Business and Computer Engineering/Computing,87.0,83.3,6714.0,6500.0,6993.0,6950.0,5520.0,8000.0,6788.75,90.44,1,"Higher salary, higher employment profile"
2025,Nanyang Technological University,College of Engineering (CoE),Aerospace Engineering,71.1,62.9,4703.0,4500.0,4901.0,4640.0,4200.0,5400.0,4366.11,84.65,2,"Moderate salary, higher employment profile"
2025,Nanyang Technological University,College of Engineering (CoE),Bioengineering,74.2,62.9,4116.0,4000.0,4330.0,4300.0,4000.0,4541.0,3767.65,71.78,0,"Moderate salary, lower employment profile"
2025,Nanyang Technological University,College of Engineering (CoE),Chemical and Biomolecular Engineering,78.0,69.1,4161.0,4200.0,4434.0,4400.0,4000.0,4900.0,4094.59,84.38,2,"Moderate salary, higher employment profile"
2025,Nanyang Technological University,College of Engineering (CoE),Civil Engineering,86.7,79.60000000000001,4324.0,4190.0,4522.0,4200.0,4000.0,4620.0,3717.32,90.94,2,"Moderate salary, higher employment profile"
2025,Nanyang Technological University,College of Engineering (CoE),Electrical and Electronic Engineering,83.3,75.8,4593.0,4640.0,4786.0,4800.0,4250.0,5200.0,4210.92,85.83,2,"Moderate salary, higher employment profile"
2025,Nanyang Technological University,College of Engineering (CoE),Environmental Engineering,73.7,63.2,4205.0,4000.0,4351.0,4200.0,3900.0,4900.0,3760.1,78.59,2,"Moderate salary, higher employment profile"
2025,Nanyang Technological University,College of Engineering (CoE),Information Engineering and Media,66.7,59.6,5071.0,4900.0,5130.0,4950.0,4700.0,5500.0,4346.26,81.19,2,"Moderate salary, higher employment profile"
2025,Nanyang Technological University,College of Engineering (CoE),Maritime Studies,86.4,80.7,4344.0,4200.0,4424.0,4200.0,4000.0,4800.0,3761.54,91.5,2,"Moderate salary, higher employment profile"
2025,Nanyang Technological University,College of Engineering (CoE),Materials Engineering,78.4,72.0,4538.0,4640.0,4748.0,4700.0,4200.0,5000.0,3921.65,79.67,2,"Moderate salary, higher employment profile"
2025,Nanyang Technological University,College of Engineering (CoE),Mechanical Engineering,79.5,73.3,4537.0,4400.0,4664.0,4500.0,4090.0,5000.0,4001.21,83.68,2,"Moderate salary, higher employment profile"
2025,Nanyang Technological University,"College of Engineering / Computing and Data Science + College of Humanities, Arts & Social Sciences (CoE / CCDS + CoHASS)",Double Degree in Engineering / Computer Science and Economics,87.5,68.8,6115.0,5000.0,6270.0,5500.0,5000.0,7500.0,4100.91,85.3,2,"Moderate salary, higher employment profile"
2025,Nanyang Technological University,"College of Humanities, Arts & Social Sciences (CoHASS)","Art, Design and Media",69.69999999999999,34.8,3446.0,3350.0,3464.0,3350.0,3000.0,3600.0,3470.1,70.92,0,"Moderate salary, lower employment profile"
2025,Nanyang Technological University,"College of Humanities, Arts & Social Sciences (CoHASS)",Chinese,89.8,73.5,4018.0,4140.0,4208.0,4345.0,3625.0,4680.0,4068.17,85.88,2,"Moderate salary, higher employment profile"
2025,Nanyang Technological University,"College of Humanities, Arts & Social Sciences (CoHASS)",Communication Studies,83.6,55.7,4075.0,4000.0,4164.0,4000.0,3700.0,4618.0,3943.17,88.63,2,"Moderate salary, higher employment profile"
2025,Nanyang Technological University,"College of Humanities, Arts & Social Sciences (CoHASS)",Economics,86.2,78.5,4542.0,4500.0,4709.0,4621.0,4100.0,5200.0,4297.7,89.66,2,"Moderate salary, higher employment profile"
2025,Nanyang Technological University,"College of Humanities, Arts & Social Sciences (CoHASS)",English,70.6,51.5,3880.0,4000.0,4008.0,4100.0,3200.0,4680.0,4006.17,76.57,2,"Moderate salary, higher employment profile"
2025,Nanyang Technological University,"College of Humanities, Arts & Social Sciences (CoHASS)",History,75.0,52.3,4360.0,4500.0,4516.0,4583.0,3700.0,4800.0,4218.46,78.03,2,"Moderate salary, higher employment profile"
2025,Nanyang Technological University,"College of Humanities, Arts & Social Sciences (CoHASS)",Interdisciplinary Double / Integrated Major,78.9,71.89999999999999,4504.0,4469.0,4605.0,4500.0,4000.0,5000.0,4100.91,85.3,2,"Moderate salary, higher employment profile"
2025,Nanyang Technological University,"College of Humanities, Arts & Social Sciences (CoHASS)",Linguistics and Multilingual Studies,69.8,47.2,3784.0,3800.0,4035.0,3950.0,3550.0,4498.0,3966.72,80.37,2,"Moderate salary, higher employment profile"
2025,Nanyang Technological University,"College of Humanities, Arts & Social Sciences (CoHASS)",Philosophy,75.0,62.5,4054.0,4050.0,4383.0,4390.0,3500.0,4908.0,3773.62,83.86,2,"Moderate salary, higher employment profile"
2025,Nanyang Technological University,"College of Humanities, Arts & Social Sciences (CoHASS)",Psychology,77.8,58.6,4173.0,4000.0,4354.0,4065.0,3850.0,4945.0,4087.28,80.14,2,"Moderate salary, higher employment profile"
2025,Nanyang Technological University,"College of Humanities, Arts & Social Sciences (CoHASS)",Public Policy and Global Affairs,77.4,71.0,4887.0,4698.0,4966.0,4880.0,4500.0,5550.0,4327.86,93.93,2,"Moderate salary, higher employment profile"
2025,Nanyang Technological University,"College of Humanities, Arts & Social Sciences (CoHASS)",Sociology,75.9,64.8,4112.0,4225.0,4398.0,4500.0,4000.0,4780.0,4147.39,84.79,2,"Moderate salary, higher employment profile"
2025,Nanyang Technological University,College of Science (CoS),Biological Sciences,83.89999999999999,69.39999999999999,3971.0,4000.0,4123.0,4000.0,3800.0,4300.0,4110.95,72.37,0,"Moderate salary, lower employment profile"
2025,Nanyang Technological University,College of Science (CoS),Biomedical Sciences,89.3,89.3,3769.0,3500.0,4049.0,3700.0,3500.0,4400.0,4100.91,85.3,2,"Moderate salary, higher employment profile"
2025,Nanyang Technological University,College of Science (CoS),Chemistry and Biological Chemistry,72.8,64.8,4048.0,4000.0,4257.0,4200.0,3700.0,4680.0,3636.78,80.34,2,"Moderate salary, higher employment profile"
2025,Nanyang Technological University,College of Science (CoS),Environmental Earth Systems Science,90.0,76.7,4399.0,4300.0,4585.0,4350.0,4100.0,5000.0,4213.58,86.24,2,"Moderate salary, higher employment profile"
2025,Nanyang Technological University,College of Science (CoS),Interdisciplinary Double Major,84.39999999999999,71.89999999999999,5594.0,5226.0,5628.0,5226.0,5020.0,6500.0,3985.52,93.98,2,"Moderate salary, higher employment profile"
2025,Nanyang Technological University,College of Science (CoS),Mathematical Sciences,69.89999999999999,64.4,4776.0,4500.0,5108.0,4680.0,4300.0,5100.0,4137.67,81.76,2,"Moderate salary, higher employment profile"
2025,Nanyang Technological University,College of Science (CoS),Physics and Applied Physics,71.89999999999999,56.3,4610.0,4600.0,4706.0,4600.0,3800.0,5221.0,3851.16,81.61,2,"Moderate salary, higher employment profile"
2025,Nanyang Technological University,Lee Kong Chian School of Medicine,Medicine,100.0,100.0,5163.0,5050.0,6551.0,6500.0,6000.0,7000.0,5113.89,90.93,1,"Higher salary, higher employment profile"
2025,Nanyang Technological University,National Institute of Education (NIE),Arts (Academic Discipline and Education),100.0,100.0,4562.0,4875.0,4749.0,5000.0,4309.0,5105.0,4059.91,87.7,2,"Moderate salary, higher employment profile"
2025,Nanyang Technological University,National Institute of Education (NIE),Science (Academic Discipline and Education),100.0,100.0,5092.0,5109.0,5181.0,5109.0,5014.0,5400.0,4059.91,87.7,2,"Moderate salary, higher employment profile"
2025,Nanyang Technological University,National Institute of Education (NIE),Sports Science and Management,85.39999999999999,66.7,4035.0,3975.0,4331.0,4100.0,3625.0,4773.0,4254.21,70.54,0,"Moderate salary, lower employment profile"
2025,National University of Singapore,College of Design and Engineering,Bachelor of Arts (Architecture),98.4,96.8,4910.0,4600.0,4979.0,4600.0,4500.0,5112.0,4699.5,84.58,1,"Higher salary, higher employment profile"
2025,National University of Singapore,College of Design and Engineering,Bachelor of Arts (Industrial Design),78.60000000000001,47.6,3948.0,3900.0,4071.0,4050.0,3500.0,4500.0,4313.0,61.35,0,"Moderate salary, lower employment profile"
2025,National University of Singapore,College of Design and Engineering,Bachelor of Engineering (Biomedical Engineering),74.3,64.4,4264.0,4125.0,4504.0,4385.0,4017.0,4900.0,4537.6,68.57,0,"Moderate salary, lower employment profile"
2025,National University of Singapore,College of Design and Engineering,Bachelor of Engineering (Chemical Engineering),81.10000000000001,73.0,4605.0,4500.0,4829.0,4800.0,4500.0,5100.0,4951.36,77.8,1,"Higher salary, higher employment profile"
2025,National University of Singapore,College of Design and Engineering,Bachelor of Engineering (Civil Engineering),93.7,92.4,4403.0,4300.0,4543.0,4378.0,4100.0,5000.0,4641.46,87.15,2,"Moderate salary, higher employment profile"
2025,National University of Singapore,College of Design and Engineering,Bachelor of Engineering (Electrical Engineering),85.1,82.1,4735.0,4600.0,4951.0,4900.0,4500.0,5400.0,5077.47,81.83,1,"Higher salary, higher employment profile"
2025,National University of Singapore,College of Design and Engineering,Bachelor of Engineering (Engineering Science),82.6,65.2,4633.0,4731.0,5016.0,5000.0,4500.0,5800.0,5217.45,65.13,0,"Moderate salary, lower employment profile"
2025,National University of Singapore,College of Design and Engineering,Bachelor of Engineering (Environmental Engineering),76.7,63.3,4332.0,4500.0,4450.0,4500.0,4100.0,4650.0,4673.44,73.45,0,"Moderate salary, lower employment profile"
2025,National University of Singapore,College of Design and Engineering,Bachelor of Engineering (Industrial and Systems Engineering),90.3,83.89999999999999,5002.0,4800.0,5183.0,5000.0,4500.0,5600.0,5200.25,86.47,1,"Higher salary, higher employment profile"
2025,National University of Singapore,College of Design and Engineering,Bachelor of Engineering (Infrastructure & Project Management),83.3,83.3,,,,,,,4757.37,75.89,0,"Moderate salary, lower employment profile"
2025,National University of Singapore,College of Design and Engineering,Bachelor of Engineering (Materials Science and Engineering),68.8,59.4,4570.0,4680.0,4775.0,4800.0,4200.0,5000.0,4956.97,75.14,1,"Higher salary, higher employment profile"
2025,National University of Singapore,College of Design and Engineering,Bachelor of Engineering (Mechanical Engineering),79.60000000000001,75.7,4808.0,4645.0,5045.0,5000.0,4495.0,5591.0,4918.02,79.05,1,"Higher salary, higher employment profile"
2025,National University of Singapore,College of Design and Engineering,Bachelor of Landscape Architecture,60.0,40.0,3924.0,3800.0,3949.0,3800.0,3800.0,4008.0,4757.37,75.89,0,"Moderate salary, lower employment profile"
2025,National University of Singapore,College of Design and Engineering,Bachelor of Science (Project and Facilities Management),88.1,79.7,4198.0,4200.0,4386.0,4265.0,4000.0,4600.0,4293.98,79.86,2,"Moderate salary, higher employment profile"
2025,National University of Singapore,Faculty of Arts & Social Sciences,Bachelor of Arts,60.0,40.0,,,,,,,4229.8,62.24,0,"Moderate salary, lower employment profile"
2025,National University of Singapore,Faculty of Arts & Social Sciences,Bachelor of Arts (Hons),78.9,66.2,4531.0,4654.0,4783.0,4680.0,4398.0,5038.0,4590.54,66.7,0,"Moderate salary, lower employment profile"
2025,National University of Singapore,Faculty of Arts & Social Sciences,Bachelor of Social Sciences,82.8,71.89999999999999,4430.0,4300.0,4578.0,4500.0,4000.0,5000.0,4519.96,73.49,0,"Moderate salary, lower employment profile"
2025,National University of Singapore,Faculty of Dentistry,Bachelor of Dental Surgery,100.0,100.0,4553.0,4550.0,4595.0,4550.0,4500.0,4597.0,5121.13,96.78,1,"Higher salary, higher employment profile"
2025,National University of Singapore,Faculty of Law,Bachelor of Laws,,,,,,,,,6335.65,87.41,1,"Higher salary, higher employment profile"
2025,National University of Singapore,Faculty of Science,Bachelor of Pharmacy (Hons),97.4,97.4,4240.0,4200.0,4598.0,4475.0,4200.0,4986.0,4811.53,75.23,0,"Moderate salary, lower employment profile"
2025,National University of Singapore,Faculty of Science,Bachelor of Science,,,,,,,,,4264.31,55.43,0,"Moderate salary, lower employment profile"
2025,National University of Singapore,Faculty of Science,Bachelor of Science (Data Science and Analytics),75.2,65.10000000000001,5234.0,5000.0,5380.0,5000.0,4450.0,6000.0,5563.47,78.2,1,"Higher salary, higher employment profile"
2025,National University of Singapore,Faculty of Science,Bachelor of Science (Hons),82.69999999999999,71.2,4349.0,4000.0,4531.0,4250.0,3950.0,4850.0,4544.15,71.45,0,"Moderate salary, lower employment profile"
2025,National University of Singapore,Multi-Disciplinary Programmes,Bachelor of Engineering (Computer Engineering),84.6,78.5,5755.0,5500.0,5988.0,5600.0,5230.0,6500.0,6039.86,84.82,1,"Higher salary, higher employment profile"
2025,National University of Singapore,Multi-Disciplinary Programmes,Bachelor of Environmental Studies,92.0,72.0,4175.0,4225.0,4460.0,4500.0,4000.0,4762.0,4390.32,71.05,0,"Moderate salary, lower employment profile"
2025,National University of Singapore,NUS Business School,Bachelor of Business Administration,95.0,82.5,6563.0,6000.0,6962.0,6000.0,4000.0,9000.0,5016.24,80.24,1,"Higher salary, higher employment profile"
2025,National University of Singapore,NUS Business School,Bachelor of Business Administration (Accountancy),,,,,,,,,4340.48,87.75,2,"Moderate salary, higher employment profile"
2025,National University of Singapore,NUS Business School,Bachelor of Business Administration (Accountancy) (Hons),92.4,90.9,4730.0,4350.0,4790.0,4375.0,4350.0,4999.0,4452.88,93.23,2,"Moderate salary, higher employment profile"
2025,National University of Singapore,NUS Business School,Bachelor of Business Administration (Hons),87.3,80.2,5288.0,4669.0,5463.0,4860.0,4300.0,6000.0,5078.94,87.48,1,"Higher salary, higher employment profile"
2025,National University of Singapore,NUS Business School,Bachelor of Science (Real Estate),92.9,81.39999999999999,4331.0,4000.0,4533.0,4200.0,3850.0,5000.0,4370.49,87.08,2,"Moderate salary, higher employment profile"
2025,National University of Singapore,School of Computing,Bachelor of Computing (Computer Science),87.3,84.1,6485.0,6250.0,6674.0,6400.0,5300.0,7500.0,6036.69,89.02,1,"Higher salary, higher employment profile"
2025,National University of Singapore,School of Computing,Bachelor of Computing (Information Security),88.0,84.0,5682.0,5500.0,6071.0,6000.0,5150.0,6800.0,6140.75,86.77,1,"Higher salary, higher employment profile"
2025,National University of Singapore,School of Computing,Bachelor of Computing (Information Systems),92.1,92.1,5938.0,5665.0,6126.0,6000.0,5000.0,7000.0,5566.29,90.88,1,"Higher salary, higher employment profile"
2025,National University of Singapore,School of Computing,Bachelor of Science (Business Analytics),91.7,85.7,6191.0,5500.0,6375.0,5700.0,5000.0,7083.0,5859.19,90.55,1,"Higher salary, higher employment profile"
2025,National University of Singapore,YST Conservatory of Music,Bachelor of Music,72.7,4.5,,,,,,,4029.05,31.09,0,"Moderate salary, lower employment profile"
2025,National University of Singapore,Yale-NUS College,Bachelor of Arts with Honours,81.69999999999999,73.9,5048.0,4500.0,5242.0,4600.0,4030.0,5650.0,4753.57,75.15,0,"Moderate salary, lower employment profile"
2025,National University of Singapore,Yale-NUS College,Bachelor of Science with Honours,76.7,66.7,5865.0,4950.0,5974.0,4973.0,4450.0,6900.0,5792.79,79.05,1,"Higher salary, higher employment profile"
2025,National University of Singapore,Yong Loo Lin School (Medicine),Bachelor of Medicine and Bachelor of Surgery,100.0,100.0,5129.0,5050.0,6344.0,6500.0,6000.0,6930.0,4818.04,86.05,1,"Higher salary, higher employment profile"
2025,National University of Singapore,Yong Loo Lin School (Medicine),Bachelor of Science (Nursing),92.1,87.6,3737.0,3750.0,4094.0,4000.0,3850.0,4300.0,4279.96,89.67,2,"Moderate salary, higher employment profile"
2025,National University of Singapore,Yong Loo Lin School (Medicine),Bachelor of Science (Nursing) (Hons),91.5,87.7,3865.0,3900.0,4199.0,4200.0,4025.0,4390.0,4439.41,93.03,2,"Moderate salary, higher employment profile"
2025,Singapore Institute of Technology,Culinary Institute of America,Bachelor of Business Administration in Food Business Management,90.9,63.6,2999.0,3000.0,3545.0,3500.0,3400.0,3800.0,3803.07,70.79,0,"Moderate salary, lower employment profile"
2025,Singapore Institute of Technology,DigiPen Institute of Technology,Bachelor of Arts in Game Design,72.5,50.0,3725.0,3550.0,3814.0,3600.0,3300.0,4100.0,4532.47,59.86,0,"Moderate salary, lower employment profile"
2025,Singapore Institute of Technology,DigiPen Institute of Technology,Bachelor of Fine Arts in Digital Art and Animation,66.7,44.4,,,,,,,3864.25,57.93,0,"Moderate salary, lower employment profile"
2025,Singapore Institute of Technology,SIT- DigiPen Institute of Technology,Bachelor of Engineering with Honours in Mechatronics Systems,72.7,69.69999999999999,4424.0,4400.0,4723.0,4600.0,4000.0,5000.0,4853.64,77.26,1,"Higher salary, higher employment profile"
2025,Singapore Institute of Technology,SIT- DigiPen Institute of Technology,Bachelor of Science with Honours in Computer Science in Interactive Media and Game Development,65.10000000000001,51.2,4495.0,4510.0,4635.0,4560.0,4025.0,5200.0,4695.35,64.08,0,"Moderate salary, lower employment profile"
2025,Singapore Institute of Technology,SIT- DigiPen Institute of Technology,Bachelor of Science with Honours in Computer Science in Real-Time Interactive Simulation,90.3,83.89999999999999,5119.0,4900.0,5227.0,5000.0,4660.0,5500.0,5135.4,80.43,1,"Higher salary, higher employment profile"
2025,Singapore Institute of Technology,SIT- Massey University,Bachelor of Food Technology with Honours,85.7,55.1,3571.0,3500.0,3707.0,3600.0,3200.0,4040.0,3846.13,73.96,0,"Moderate salary, lower employment profile"
2025,Singapore Institute of Technology,SIT- Newcastle University,Bachelor of Engineering with Honours in Electrical Power Engineering,77.5,73.2,4282.0,4100.0,4483.0,4250.0,4000.0,4745.0,4440.11,79.39,2,"Moderate salary, higher employment profile"
2025,Singapore Institute of Technology,SIT- Newcastle University,Bachelor of Engineering with Honours in Mechanical Design and Manufacturing Engineering,78.7,72.3,4172.0,4200.0,4252.0,4200.0,3900.0,4500.0,4516.16,74.38,0,"Moderate salary, lower employment profile"
2025,Singapore Institute of Technology,SIT- Newcastle University,Bachelor of Engineering with Honours in Naval Architecture and Marine Engineering,79.5,77.3,4466.0,4150.0,4819.0,4700.0,4000.0,5400.0,4438.75,79.19,2,"Moderate salary, higher employment profile"
2025,Singapore Institute of Technology,SIT- Technical University of Munich,Bachelor of Engineering with Honours in Chemical Engineering,79.3,75.9,4259.0,4000.0,4468.0,4250.0,3967.0,4985.0,4450.96,66.5,0,"Moderate salary, lower employment profile"
2025,Singapore Institute of Technology,SIT- Technical University of Munich,Bachelor of Engineering with Honours in Electronics and Data Engineering,82.5,77.5,4511.0,4400.0,4705.0,4700.0,4250.0,5100.0,4389.63,78.18,2,"Moderate salary, higher employment profile"
2025,Singapore Institute of Technology,SIT- University of Glasgow,Bachelor of Engineering with Honours in Aerospace Engineering,67.7,51.6,4807.0,4200.0,4925.0,4400.0,4000.0,6000.0,4315.12,68.23,0,"Moderate salary, lower employment profile"
2025,Singapore Institute of Technology,SIT- University of Glasgow,Bachelor of Engineering with Honours in Civil Engineering,81.6,75.0,4185.0,4125.0,4363.0,4200.0,4000.0,4400.0,4250.51,90.24,2,"Moderate salary, higher employment profile"
2025,Singapore Institute of Technology,SIT- University of Glasgow,Bachelor of Engineering with Honours in Mechanical Engineering,83.3,75.0,4143.0,4183.0,4326.0,4200.0,3890.0,4675.0,4565.14,74.1,0,"Moderate salary, lower employment profile"
2025,Singapore Institute of Technology,SIT- University of Glasgow,Bachelor of Science with Honours in Computing Science,68.30000000000001,65.3,5039.0,5000.0,5168.0,5000.0,4550.0,5700.0,4990.23,81.83,1,"Higher salary, higher employment profile"
2025,Singapore Institute of Technology,SIT- University of Glasgow,Bachelor of Science with Honours in Nursing,92.5,75.5,3896.0,3900.0,4198.0,4163.0,3900.0,4422.0,4302.58,93.57,2,"Moderate salary, higher employment profile"
2025,Singapore Institute of Technology,Singapore Institute of Technology (SIT),Bachelor of Accountancy with Honours,96.0,87.3,4297.0,4350.0,4349.0,4350.0,4000.0,4550.0,4165.78,84.24,2,"Moderate salary, higher employment profile"
2025,Singapore Institute of Technology,Singapore Institute of Technology (SIT),Bachelor of Engineering with Honours in Computer Engineering,70.8,64.60000000000001,4498.0,4500.0,4638.0,4534.0,4000.0,5000.0,4669.46,73.76,0,"Moderate salary, lower employment profile"
2025,Singapore Institute of Technology,Singapore Institute of Technology (SIT),Bachelor of Engineering with Honours in Information & Communications Technology Majoring in Information Security,82.1,74.7,5052.0,5000.0,5192.0,5000.0,4500.0,5600.0,4432.49,83.24,2,"Moderate salary, higher employment profile"
2025,Singapore Institute of Technology,Singapore Institute of Technology (SIT),Bachelor of Engineering with Honours in Information & Communications Technology Majoring in Software Engineering,80.9,76.5,5025.0,5000.0,5128.0,5000.0,4800.0,5500.0,4432.49,83.24,2,"Moderate salary, higher employment profile"
2025,Singapore Institute of Technology,Singapore Institute of Technology (SIT),Bachelor of Engineering with Honours in Pharmaceutical Engineering,95.2,92.1,3965.0,3975.0,4548.0,4500.0,4200.0,4721.0,4497.99,84.28,2,"Moderate salary, higher employment profile"
2025,Singapore Institute of Technology,Singapore Institute of Technology (SIT),Bachelor of Engineering with Honours in Robotics Systems,76.0,72.0,4581.0,4500.0,4656.0,4650.0,4200.0,5000.0,4432.49,83.24,2,"Moderate salary, higher employment profile"
2025,Singapore Institute of Technology,Singapore Institute of Technology (SIT),Bachelor of Engineering with Honours in Sustainable Infrastructure Engineering (Building Services),84.3,80.4,4124.0,4000.0,4238.0,4000.0,3820.0,4400.0,4262.98,87.94,2,"Moderate salary, higher employment profile"
2025,Singapore Institute of Technology,Singapore Institute of Technology (SIT),Bachelor of Engineering with Honours in Sustainable Infrastructure Engineering (Land),77.60000000000001,65.3,4239.0,4225.0,4513.0,4550.0,4081.0,5025.0,4797.48,80.84,1,"Higher salary, higher employment profile"
2025,Singapore Institute of Technology,Singapore Institute of Technology (SIT),Bachelor of Hospitality Business with Honours,84.8,70.7,3555.0,3500.0,3767.0,3500.0,3310.0,4000.0,3798.65,74.31,0,"Moderate salary, lower employment profile"
2025,Singapore Institute of Technology,Singapore Institute of Technology (SIT),Bachelor of Science with Honours in Air Transport Management,71.1,60.0,3866.0,3800.0,4200.0,4100.0,3820.0,4500.0,4194.02,66.41,0,"Moderate salary, lower employment profile"
2025,Singapore Institute of Technology,Singapore Institute of Technology (SIT),Bachelor of Science with Honours in Applied Artificial Intelligence,62.9,57.1,4501.0,4500.0,4618.0,4550.0,3850.0,5320.0,4432.49,83.24,2,"Moderate salary, higher employment profile"
2025,Singapore Institute of Technology,Singapore Institute of Technology (SIT),Bachelor of Science with Honours in Diagnostic Radiography,96.2,92.4,3909.0,3900.0,4092.0,4000.0,3900.0,4275.0,4228.03,91.1,2,"Moderate salary, higher employment profile"
2025,Singapore Institute of Technology,Singapore Institute of Technology (SIT),Bachelor of Science with Honours in Dietetics and Nutrition,96.0,92.0,3975.0,4000.0,3976.0,4000.0,3850.0,4050.0,4135.4,87.46,2,"Moderate salary, higher employment profile"
2025,Singapore Institute of Technology,Singapore Institute of Technology (SIT),Bachelor of Science with Honours in Digital Communications and Integrated Media,81.6,69.39999999999999,3665.0,3600.0,3776.0,3675.0,3400.0,4010.0,3852.99,76.77,2,"Moderate salary, higher employment profile"
2025,Singapore Institute of Technology,Singapore Institute of Technology (SIT),Bachelor of Science with Honours in Digital Supply Chain,90.9,84.8,3882.0,4000.0,3994.0,4080.0,3800.0,4200.0,4432.49,83.24,2,"Moderate salary, higher employment profile"
2025,Singapore Institute of Technology,Singapore Institute of Technology (SIT),Bachelor of Science with Honours in Occupational Therapy,98.0,98.0,3778.0,3850.0,3858.0,3925.0,3800.0,4048.0,4090.51,92.43,2,"Moderate salary, higher employment profile"
2025,Singapore Institute of Technology,Singapore Institute of Technology (SIT),Bachelor of Science with Honours in Physiotherapy,100.0,99.0,4072.0,4020.0,4142.0,4110.0,3925.0,4290.0,4432.49,83.24,2,"Moderate salary, higher employment profile"
2025,Singapore Institute of Technology,Singapore Institute of Technology (SIT),Bachelor of Science with Honours in Speech and Language Therapy,100.0,95.5,3950.0,3900.0,3970.0,3900.0,3800.0,4200.0,4035.39,89.21,2,"Moderate salary, higher employment profile"
2025,Singapore Management University,School of Accountancy (4-year programme),Accountancy,94.4,91.4,4653.0,4350.0,4774.0,4350.0,4300.0,5000.0,4907.18,86.15,1,"Higher salary, higher employment profile"
2025,Singapore Management University,School of Accountancy (4-year programme),Accountancy - Cum Laude and above,95.5,93.2,5039.0,4350.0,5130.0,4500.0,4350.0,5090.0,4907.18,86.15,1,"Higher salary, higher employment profile"
2025,Singapore Management University,School of Business (4-year programme),Business Management,84.8,75.9,5045.0,4500.0,5234.0,4600.0,4000.0,5525.0,4733.74,82.75,1,"Higher salary, higher employment profile"
2025,Singapore Management University,School of Business (4-year programme),Business Management - Cum Laude and above,89.2,83.0,5501.0,5000.0,5618.0,5000.0,4300.0,6000.0,4907.18,86.15,1,"Higher salary, higher employment profile"
2025,Singapore Management University,School of Computing & Information Systems (4-year programme) - Computer Science,Computer Science,85.0,83.3,6036.0,6000.0,6135.0,6000.0,5000.0,7083.0,5320.32,92.4,1,"Higher salary, higher employment profile"
2025,Singapore Management University,School of Computing & Information Systems (4-year programme) - Computer Science,Computer Science - Cum Laude and above,85.7,85.7,6488.0,6250.0,6513.0,6250.0,5400.0,7083.0,4907.18,86.15,1,"Higher salary, higher employment profile"
2025,Singapore Management University,School of Computing & Information Systems (4-year programme) - Computing & Law,Computing & Law,81.0,76.2,4999.0,5000.0,5192.0,5000.0,4300.0,5500.0,4907.18,86.15,1,"Higher salary, higher employment profile"
2025,Singapore Management University,School of Computing & Information Systems (4-year programme) - Computing & Law,Computing & Law - Cum Laude and above,,,,,,,,,4907.18,86.15,1,"Higher salary, higher employment profile"
2025,Singapore Management University,School of Computing & Information Systems (4-year programme) - Information Systems,Information Systems,90.5,83.39999999999999,5339.0,5000.0,5515.0,5400.0,4800.0,6028.0,5076.56,85.77,1,"Higher salary, higher employment profile"
2025,Singapore Management University,School of Computing & Information Systems (4-year programme) - Information Systems,Information Systems - Cum Laude and above,97.2,93.5,5748.0,5600.0,5919.0,5785.0,5000.0,6750.0,4907.18,86.15,1,"Higher salary, higher employment profile"
2025,Singapore Management University,School of Economics (4-year programme),Economics,82.89999999999999,76.2,4669.0,4400.0,4900.0,4500.0,4100.0,5200.0,5103.97,90.51,1,"Higher salary, higher employment profile"
2025,Singapore Management University,School of Economics (4-year programme),Economics - Cum Laude and above,86.1,83.3,5009.0,4900.0,5247.0,5000.0,4297.0,5500.0,4907.18,86.15,1,"Higher salary, higher employment profile"
2025,Singapore Management University,School of Law (4-year programme),Law,,,,,,,,,4907.18,86.15,1,"Higher salary, higher employment profile"
2025,Singapore Management University,School of Law (4-year programme),Law - Cum Laude and above,,,,,,,,,4907.18,86.15,1,"Higher salary, higher employment profile"
2025,Singapore Management University,School of Social Sciences (4-year programme),Social Sciences,86.0,74.4,4131.0,4000.0,4247.0,4000.0,3600.0,4700.0,4693.59,79.67,1,"Higher salary, higher employment profile"
2025,Singapore Management University,School of Social Sciences (4-year programme),Social Sciences - Cum Laude and above,86.3,74.0,4345.0,4280.0,4489.0,4350.0,3900.0,4900.0,4907.18,86.15,1,"Higher salary, higher employment profile"
2025,Singapore University of Social Sciences,S R Nathan School of Human Development,Bachelor of Early Childhood Education,97.9,93.8,3623.0,3700.0,3698.0,3800.0,3500.0,3995.0,3838.44,80.02,2,"Moderate salary, higher employment profile"
2025,Singapore University of Social Sciences,S R Nathan School of Human Development,Bachelor of Human Resource Management,85.2,72.8,4031.0,4000.0,4143.0,4000.0,3700.0,4300.0,3980.17,66.45,0,"Moderate salary, lower employment profile"
2025,Singapore University of Social Sciences,School of Business,Bachelor of Accountancy,87.5,85.9,4254.0,4350.0,4371.0,4350.0,4300.0,4500.0,4125.52,85.89,2,"Moderate salary, higher employment profile"
2025,Singapore University of Social Sciences,School of Business,Bachelor of Science in Business Analytics,80.30000000000001,69.69999999999999,4866.0,4600.0,4990.0,4800.0,4200.0,5439.0,5017.95,76.42,1,"Higher salary, higher employment profile"
2025,Singapore University of Social Sciences,School of Business,Bachelor of Science in Finance,83.8,64.9,4625.0,4325.0,4775.0,4400.0,4145.0,5134.0,4630.26,75.79,0,"Moderate salary, lower employment profile"
2025,Singapore University of Social Sciences,School of Business,Bachelor of Science in Marketing,77.4,56.2,3908.0,3600.0,3971.0,3715.0,3500.0,4200.0,3940.1,65.47,0,"Moderate salary, lower employment profile"
2025,Singapore University of Social Sciences,School of Business,Bachelor of Science in Supply Chain Management,72.1,63.2,3900.0,3800.0,4009.0,4000.0,3600.0,4325.0,4213.45,79.66,2,"Moderate salary, higher employment profile"
2025,Singapore University of Social Sciences,School of Humanities and Behavioural Sciences,Bachelor of Public Safety and Security,87.8,69.39999999999999,4422.0,4215.0,4930.0,5000.0,4185.0,5800.0,4164.64,79.53,2,"Moderate salary, higher employment profile"
2025,Singapore University of Social Sciences,School of Law,Bachelor of Laws (LLB),,,,,,,,,4164.64,79.53,2,"Moderate salary, higher employment profile"
2025,Singapore University of Social Sciences,School of Social Work and Social Development,Bachelor of Social Work,88.6,82.3,3984.0,3950.0,4045.0,3950.0,3850.0,4050.0,4314.48,81.97,2,"Moderate salary, higher employment profile"
2025,Singapore University of Technology and Design,Bachelor of Engineering,Bachelor of Engineering (Computer Science and Design),86.8,76.9,5313.0,5000.0,5375.0,5000.0,4800.0,5825.0,4100.91,85.3,2,"Moderate salary, higher employment profile"
2025,Singapore University of Technology and Design,Bachelor of Engineering,Bachelor of Engineering (Engineering Product Development),80.7,71.89999999999999,4905.0,4900.0,5020.0,4965.0,4500.0,5400.0,4100.91,85.3,2,"Moderate salary, higher employment profile"
2025,Singapore University of Technology and Design,Bachelor of Engineering,Bachelor of Engineering (Engineering Systems and Design),91.2,73.7,4393.0,4525.0,4595.0,4900.0,4100.0,5200.0,4100.91,85.3,2,"Moderate salary, higher employment profile"
2025,Singapore University of Technology and Design,Bachelor of Science,Bachelor of Science (Architecture and Sustainable Design),97.1,91.4,4364.0,4465.0,4396.0,4490.0,4000.0,4800.0,4100.91,85.3,2,"Moderate salary, higher employment profile"
2025,Singapore University of Technology and Design,Bachelor of Science,Bachelor of Science (Design and Artificial Intelligence),81.8,63.6,4617.0,4850.0,4652.0,4925.0,4096.0,5393.0,4100.91,85.3,2,"Moderate salary, higher employment profile"
